{
  "H": { "mass": 1.00784 },
  "He": { "mass": 4.002602 },
  "Li": { "mass": 6.938 },
  "Be": { "mass": 9.0121831 },
  "B": { "mass": 10.806 },
  "C": { "mass": 12.0096 },
  "N": { "mass": 14.00643 },
  "O": { "mass": 15.99903 },
  "F": { "mass": 18.998403163 },
  "Ne": { "mass": 20.1797 },
  "Na": { "mass": 22.98976928 },
  "Mg": { "mass": 24.304 },
  "Al": { "mass": 26.9815384 },
  "Si": { "mass": 28.084 },
  "P": { "mass": 30.973761998 },
  "S": { "mass": 32.059 },
  "Cl": { "mass": 35.446 },
  "Ar": { "mass": 39.792 },
  "K": { "mass": 39.0983 },
  "Ca": { "mass": 40.078 },
  "Sc": { "mass": 44.955908 },
  "Ti": { "mass": 47.867 },
  "V": { "mass": 50.9415 },
  "Cr": { "mass": 51.9961 },
  "Mn": { "mass": 54.938043 },
  "Fe": { "mass": 55.845 },
  "Co": { "mass": 58.933194 },
  "Ni": { "mass": 58.6934 },
  "Cu": { "mass": 63.546 },
  "Zn": { "mass": 65.38 },
  "Ga": { "mass": 69.723 },
  "Ge": { "mass": 72.63 },
  "As": { "mass": 74.921595 },
  "Se": { "mass": 78.971 },
  "Br": { "mass": 79.901 },
  "Kr": { "mass": 83.798 },
  "Rb": { "mass": 85.4678 },
  "Sr": { "mass": 87.62 },
  "Y": { "mass": 88.90584 },
  "Zr": { "mass": 91.224 },
  "Nb": { "mass": 92.90637 },
  "Mo": { "mass": 95.95 },
  "Tc": { "mass": 98.0 },
  "Ru": { "mass": 101.07 },
  "Rh": { "mass": 102.90549 },
  "Pd": { "mass": 106.42 },
  "Ag": { "mass": 107.8682 },
  "Cd": { "mass": 112.414 },
  "In": { "mass": 114.818 },
  "Sn": { "mass": 118.71 },
  "Sb": { "mass": 121.76 },
  "Te": { "mass": 127.6 },
  "I": { "mass": 126.90447 },
  "Xe": { "mass": 131.293 },
  "Cs": { "mass": 132.90545196 },
  "Ba": { "mass": 137.327 },
  "La": { "mass": 138.90547 },
  "Ce": { "mass": 140.116 },
  "Pr": { "mass": 140.90766 },
  "Nd": { "mass": 144.242 },
  "Pm": { "mass": 145.0 },
  "Sm": { "mass": 150.36 },
  "Eu": { "mass": 151.964 },
  "Gd": { "mass": 157.25 },
  "Tb": { "mass": 158.925354 },
  "Dy": { "mass": 162.5 },
  "Ho": { "mass": 164.930328 },
  "Er": { "mass": 167.259 },
  "Tm": { "mass": 168.934218 },
  "Yb": { "mass": 173.045 },
  "Lu": { "mass": 174.9668 },
  "Hf": { "mass": 178.49 },
  "Ta": { "mass": 180.94788 },
  "W": { "mass": 183.84 },
  "Re": { "mass": 186.207 },
  "Os": { "mass": 190.23 },
  "Ir": { "mass": 192.217 },
  "Pt": { "mass": 195.084 },
  "Au": { "mass": 196.96657 },
  "Hg": { "mass": 200.592 },
  "Tl": { "mass": 204.382 },
  "Pb": { "mass": 207.2 },
  "Bi": { "mass": 208.9804 },
  "Po": { "mass": 209.0 },
  "At": { "mass": 210.0 },
  "Rn": { "mass": 222.0 },
  "Fr": { "mass": 223.0 },
  "Ra": { "mass": 226.0 },
  "Ac": { "mass": 227.0 },
  "Th": { "mass": 232.0377 },
  "Pa": { "mass": 231.03588 },
  "U": { "mass": 238.02891 },
  "Np": { "mass": 237.0 },
  "Pu": { "mass": 244.0 },
  "Am": { "mass": 243.0 },
  "Cm": { "mass": 247.0 },
  "Bk": { "mass": 247.0 },
  "Cf": { "mass": 251.0 },
  "Es": { "mass": 252.0 },
  "Fm": { "mass": 257.0 },
  "Md": { "mass": 258.0 },
  "No": { "mass": 259.0 },
  "Lr": { "mass": 266.0 },
  "Rf": { "mass": 267.0 },
  "Db": { "mass": 268.0 },
  "Sg": { "mass": 269.0 },
  "Bh": { "mass": 270.0 },
  "Hs": { "mass": 270.0 },
  "Mt": { "mass": 278.0 },
  "Ds": { "mass": 281.0 },
  "Rg": { "mass": 282.0 },
  "Cn": { "mass": 285.0 },
  "Nh": { "mass": 286.0 },
  "Fl": { "mass": 289.0 },
  "Mc": { "mass": 290.0 },
  "Lv": { "mass": 293.0 },
  "Ts": { "mass": 294.0 },
  "Og": { "mass": 294.0 },
  "Uue": { "mass": 315.0 },
  "Ubn": { "mass": 299.0 }
}
